Name,Color,Rarity,# Seen,ALSA,# Picked,ATA,# GP,% GP,GP WR,# OH,OH WR,# GD,GD WR,# GIH,GIH WR,# GNS,GNS WR,IWD
Acrobatic Cheerleader,W,C,354946,5.27,50314,7.52,212878,69.80%,54.20%,38567,54.30%,45655,52.60%,84222,53.40%,128307,54.70%,-1.4pp
Cult Healer,W,C,393467,6.29,46426,9.31,119088,42.50%,53.60%,20378,52.80%,28173,53.30%,48551,53.10%,70538,54.00%,-0.9pp
Dazzling Theater // Prop Room,W,R,50245,4.67,5598,7.19,6344,19.40%,45.00%,1024,36.90%,1439,41.30%,2463,39.50%,3870,48.40%,-8.9pp
Dollmaker's Shop // Porcelain Gallery,W,M,6988,1.4,5238,1.37,29589,90.70%,56.80%,5343,63.20%,7114,62.10%,12457,62.60%,17127,52.60%,9.9pp
Emerge from the Cocoon,W,C,389543,6.38,46383,9.33,101540,36.80%,51.80%,15876,50.40%,26123,56.40%,41999,54.10%,58864,50.00%,4.1pp
Enduring Innocence,W,R,16212,1.59,9999,1.58,55587,90.20%,56.70%,9816,61.40%,13131,58.90%,22947,60.00%,32682,54.30%,5.7pp
Ethereal Armor,W,U,90903,3.4,21745,4.15,107469,80.90%,55.70%,17437,56.10%,26077,58.60%,43514,57.60%,63940,54.40%,3.2pp
Exorcise,W,U,81116,2.96,22126,3.61,119045,88.50%,55.30%,19834,55.30%,28473,57.60%,48307,56.70%,70639,54.30%,2.4pp
Fear of Abduction,W,U,88055,3.28,21472,4.02,106694,81.70%,54.80%,16149,53.70%,26010,57.90%,42159,56.20%,64665,53.80%,2.5pp
Fear of Immobility,W,C,377742,5.73,52042,8.31,190915,60.40%,54.80%,29282,52.80%,46307,56.30%,75589,54.90%,115335,54.70%,0.3pp
Fear of Surveillance,W,C,295171,4.14,56419,5.67,310172,90.30%,55.40%,56217,56.10%,71032,54.80%,127249,55.40%,182629,55.30%,0.1pp
Friendly Ghost,W,C,390297,6.14,51803,8.87,169114,53.70%,55.00%,26678,54.30%,38804,56.30%,65482,55.50%,103454,54.60%,0.8pp
Ghostly Dancers,W,R,14842,1.45,10825,1.42,62143,91.10%,57.60%,10460,62.50%,15939,65.70%,26399,64.40%,35732,52.50%,11.9pp
Glimmer Seeker,W,U,79182,2.93,21654,3.55,118122,88.70%,55.80%,20454,58.60%,27528,55.90%,47982,57.10%,70203,54.90%,2.1pp
Grand Entryway // Elegant Rotunda,W,C,301554,4.13,56798,5.6,287488,83.80%,54.80%,50653,52.80%,67956,55.80%,118609,54.50%,168543,55.00%,-0.5pp
Hardened Escort,W,C,383309,6.03,44193,8.98,136710,51.00%,54.20%,23201,54.30%,29764,53.30%,52965,53.80%,83514,54.40%,-0.6pp
Jump Scare,W,C,401816,6.52,55324,9.27,163472,48.60%,55.40%,25329,54.40%,36225,56.10%,61554,55.40%,101902,55.50%,-0.1pp
Leyline of Hope,W,R,66877,5.95,7590,9.4,603,1.30%,40.60%,0,,125,,125,,477,,
Lionheart Glimmer,W,U,93303,3.44,19798,4.38,100005,83.60%,54.80%,15288,54.40%,23645,56.30%,38933,55.60%,60944,54.20%,1.3pp
Living Phone,W,C,419100,7.37,46479,10.8,57764,20.60%,53.20%,9814,50.40%,12679,52.00%,22493,51.30%,35130,54.30%,-3.1pp
Optimistic Scavenger,W,U,68137,2.57,26931,2.79,144191,86.40%,57.10%,25719,64.80%,34271,57.60%,59990,60.70%,84090,54.60%,6.1pp
Orphans of the Wheat,W,U,117548,4.35,19249,5.87,83223,71.40%,54.10%,14888,54.70%,17891,51.90%,32779,53.10%,50255,54.60%,-1.4pp
Overlord of the Mistmoors,W,M,6229,1.21,5246,1.19,31574,93.30%,58.90%,5495,68.00%,7792,68.10%,13287,68.00%,18269,52.20%,15.8pp
Patched Plaything,W,U,104215,3.82,22135,4.89,108378,80.90%,54.60%,18851,53.90%,24582,54.10%,43433,54.00%,65048,54.90%,-0.9pp
Possessed Goat,W,C,405352,6.93,41189,10.4,63522,25.90%,51.60%,11460,52.90%,14618,51.30%,26078,52.00%,37295,51.30%,0.7pp
Reluctant Role Model,W,R,19036,1.83,9460,1.86,51327,89.40%,55.40%,9463,59.70%,11842,54.40%,21305,56.70%,29971,54.40%,2.3pp
Savior of the Small,W,U,114593,4.28,15325,5.99,58974,64.90%,52.10%,9599,49.70%,13482,51.60%,23081,50.80%,35887,52.80%,-2.0pp
Seized from Slumber,W,C,322606,4.64,46712,6.7,211033,74.40%,54.70%,34823,53.80%,51045,57.70%,85868,56.10%,124938,53.60%,2.5pp
Shardmage's Rescue,W,U,93906,3.41,23645,4.2,122083,85.10%,55.40%,19447,56.30%,28842,56.60%,48289,56.50%,73741,54.60%,1.9pp
Sheltered by Ghosts,W,U,53086,2.08,25547,2.26,145255,91.50%,57.00%,24481,60.00%,34829,62.90%,59310,61.70%,85876,53.70%,8.0pp
Shepherding Spirits,W,C,397576,6.27,43980,9.47,114646,43.50%,52.30%,19417,49.40%,27670,53.70%,47087,51.90%,67519,52.60%,-0.6pp
Split Up,W,R,22480,2.11,8449,2.22,42880,84.00%,54.90%,7247,56.00%,10226,58.90%,17473,57.70%,25338,52.90%,4.8pp
Splitskin Doll,W,U,83516,3.07,27124,3.61,151242,89.70%,57.00%,27426,58.70%,34681,59.00%,62107,58.90%,88782,55.60%,3.2pp
Surgical Suite // Hospital Room,W,U,71632,2.69,22399,3.17,120245,87.90%,55.50%,19807,55.50%,28685,58.50%,48492,57.30%,71538,54.30%,3.0pp
"Toby, Beastie Befriender",W,R,19226,1.83,10384,1.86,58386,89.90%,57.10%,10296,62.70%,13734,60.60%,24030,61.50%,34194,53.90%,7.5pp
Trapped in the Screen,W,C,194104,2.85,59259,3.53,331453,91.60%,55.70%,56210,55.30%,79998,59.00%,136208,57.40%,194974,54.50%,3.0pp
Unidentified Hovership,W,R,19370,1.87,10490,1.89,56250,87.40%,56.50%,9523,60.30%,13332,61.20%,22855,60.80%,33367,53.60%,7.2pp
Unsettling Twins,W,C,359427,5.34,61201,7.38,260999,69.80%,55.70%,43065,56.30%,60209,57.20%,103274,56.80%,157122,54.90%,1.9pp
Unwanted Remake,W,U,145917,5.55,13164,8.76,23465,30.30%,49.80%,3757,46.20%,5410,48.70%,9167,47.60%,14286,51.20%,-3.6pp
Veteran Survivor,W,U,106889,3.92,20254,5.11,97827,79.00%,55.70%,17290,60.10%,21083,53.40%,38373,56.40%,59297,55.20%,1.3pp
The Wandering Rescuer,W,M,7211,1.39,4838,1.37,26137,89.20%,55.20%,4379,58.80%,6305,58.80%,10684,58.80%,15476,52.60%,6.3pp
Abhorrent Oculus,U,M,7585,1.49,5368,1.46,30141,91.20%,56.30%,4953,56.70%,8125,61.20%,13078,59.50%,17073,53.80%,5.7pp
Bottomless Pool // Locker Room,U,U,79077,2.91,26849,3.41,146794,90.40%,54.80%,24934,54.50%,39400,59.50%,64334,57.60%,81717,52.50%,5.0pp
Central Elevator // Promising Stairs,U,R,52841,4.77,9279,6.36,21107,39.10%,49.20%,3436,46.80%,6062,54.60%,9498,51.80%,11648,47.10%,4.7pp
Clammy Prowler,U,C,417815,7.4,47796,10.92,61258,21.50%,51.20%,9730,48.50%,15809,52.70%,25539,51.10%,35764,51.20%,-0.1pp
Creeping Peeper,U,C,390737,6.36,53067,9.15,160962,51.30%,51.80%,27786,51.30%,40140,51.70%,67926,51.50%,93014,52.10%,-0.5pp
Cursed Windbreaker,U,U,110177,4.07,25239,5.18,121559,79.20%,55.40%,20659,55.20%,32062,58.60%,52721,57.30%,68834,54.00%,3.3pp
Daggermaw Megalodon,U,C,406376,6.65,51880,9.77,137765,44.30%,52.80%,23426,50.50%,36219,54.10%,59645,52.70%,78358,52.90%,-0.2pp
Don't Make a Sound,U,C,410201,7,54555,10.07,108673,33.10%,53.90%,18666,54.70%,27702,55.30%,46368,55.10%,62267,53.10%,2.0pp
Duskmourn's Domination,U,U,151311,5.85,24064,8.12,70705,49.10%,53.50%,10666,51.70%,18846,56.90%,29512,55.00%,41225,52.40%,2.6pp
Enduring Curiosity,U,R,17334,1.67,10864,1.67,60332,90.40%,56.20%,10211,61.30%,16392,60.00%,26603,60.50%,33936,52.80%,7.7pp
Enter the Enigma,U,C,430390,8.04,50322,11.59,28530,9.50%,50.70%,4508,46.40%,7266,53.40%,11774,50.70%,16768,50.70%,-0.0pp
Entity Tracker,U,R,19240,1.86,11259,1.85,63586,91.90%,56.40%,11360,63.80%,17261,60.00%,28621,61.50%,35168,52.30%,9.2pp
Erratic Apparition,U,C,400871,6.77,49738,9.88,127289,42.90%,52.50%,21691,51.20%,32298,53.80%,53989,52.70%,73404,52.40%,0.4pp
Fear of Failed Tests,U,U,150165,6.03,17275,9.14,30750,30.00%,50.70%,4778,49.60%,8036,51.80%,12814,51.00%,17999,50.40%,0.6pp
Fear of Falling,U,U,101366,3.68,23455,4.69,120787,85.90%,54.30%,19159,52.40%,32629,57.30%,51788,55.50%,69409,53.50%,2.0pp
Fear of Impostors,U,U,122592,4.57,20232,6.27,84055,69.80%,53.30%,13791,51.50%,21849,55.40%,35640,53.90%,48415,52.80%,1.0pp
Fear of Isolation,U,U,79494,2.95,29569,3.37,163758,90.10%,56.50%,28071,56.20%,44369,61.60%,72440,59.50%,91499,54.20%,5.3pp
Floodpits Drowner,U,U,83521,3.03,29765,3.55,164489,90.00%,56.10%,29070,55.80%,48622,60.80%,77692,58.90%,90567,53.80%,5.2pp
Get Out,U,U,136120,5.1,24236,6.89,92796,64.20%,54.00%,15285,53.00%,24662,56.70%,39947,55.30%,52848,52.90%,2.3pp
Ghostly Keybearer,U,U,114644,4.27,20134,5.67,82827,70.10%,52.00%,13756,50.10%,22554,54.60%,36310,52.90%,46706,51.30%,1.6pp
Glimmerburst,U,C,351358,5.33,70178,7.07,321134,75.10%,55.50%,53951,55.60%,84576,58.80%,138527,57.50%,182456,54.00%,3.6pp
Leyline of Transformation,U,R,73140,6.46,8975,9.89,229,0.40%,,1,,58,,59,,168,,
Marina Vendrell's Grimoire,U,R,71354,6.3,8776,9.63,498,0.90%,,83,,151,,234,,264,,
Meat Locker // Drowned Diner,U,C,311753,4.56,60903,6.2,301035,82.90%,53.80%,50468,51.10%,79494,58.10%,129962,55.40%,169815,52.60%,2.8pp
The Mindskinner,U,R,39398,3.54,8452,4.34,33461,66.40%,53.40%,5536,53.70%,9096,57.20%,14632,55.90%,18974,51.60%,4.3pp
Mirror Room // Fractured Realm,U,M,12911,2.48,4725,2.64,22908,81.20%,53.30%,3754,50.90%,6270,58.10%,10024,55.40%,12766,51.60%,3.8pp
Overlord of the Floodpits,U,M,7525,1.47,5355,1.46,30177,90.40%,57.00%,5156,62.00%,8292,63.60%,13448,63.00%,16861,52.40%,10.6pp
Paranormal Analyst,U,U,104316,4.03,26802,4.79,116464,71.90%,54.80%,20596,57.10%,30240,56.20%,50836,56.60%,65657,53.50%,3.1pp
Piranha Fly,U,C,405791,6.84,56999,9.72,154324,45.00%,54.00%,27186,54.80%,38246,54.10%,65432,54.40%,88918,53.80%,0.6pp
Scrabbling Skullcrab,U,U,130938,5.14,21475,6.91,72749,58.00%,51.00%,12706,50.50%,19347,52.30%,32053,51.60%,40713,50.50%,1.1pp
Silent Hallcreeper,U,R,17201,1.68,11067,1.68,62537,91.50%,56.00%,11298,63.00%,16669,58.70%,27967,60.50%,34813,52.50%,7.9pp
Stalked Researcher,U,C,396970,6.52,60192,9.18,210376,58.10%,53.60%,36723,54.00%,53922,54.00%,90645,54.00%,119734,53.40%,0.6pp
"Stay Hidden, Stay Silent",U,U,84650,2.99,29193,3.52,162945,91.30%,55.90%,28073,56.10%,43611,60.60%,71684,58.80%,91251,53.60%,5.3pp
The Tale of Tamiyo,U,R,68300,6.02,8344,9.15,1428,2.90%,47.00%,250,,349,,599,48.20%,826,46.00%,2.2pp
Tunnel Surveyor,U,C,351855,5.29,63499,7.28,289965,75.60%,54.70%,50257,54.50%,74509,56.20%,124766,55.50%,165039,54.10%,1.4pp
Twist Reality,U,C,400663,6.66,58974,9.38,173382,48.90%,54.30%,28117,52.60%,46566,57.40%,74683,55.60%,98718,53.30%,2.3pp
Unable to Scream,U,C,281121,4.11,67321,5.3,365360,89.60%,55.10%,62376,54.70%,98331,58.30%,160707,56.90%,204705,53.80%,3.1pp
Underwater Tunnel // Slimy Aquarium,U,C,347219,5.12,60377,7.2,278808,77.30%,53.90%,49277,52.90%,73108,55.90%,122385,54.70%,155845,53.30%,1.4pp
Unnerving Grasp,U,U,80866,3.04,32569,3.4,180824,89.90%,56.70%,31464,58.60%,48599,61.80%,80063,60.60%,100759,53.70%,6.8pp
Unwilling Vessel,U,U,96481,3.53,22438,4.48,112185,84.80%,53.00%,19270,51.90%,29542,54.20%,48812,53.30%,63498,52.80%,0.5pp
Vanish from Sight,U,C,402704,6.58,71135,8.91,255419,59.10%,55.50%,40882,54.20%,68305,58.50%,109187,56.90%,146292,54.40%,2.5pp
Appendage Amalgam,B,C,398308,6.53,42681,9.79,112403,44.70%,51.00%,19332,50.20%,27657,52.50%,46989,51.50%,65280,50.60%,1.0pp
Balemurk Leech,B,C,398981,6.7,43246,9.95,98946,38.90%,50.20%,17419,49.60%,24421,51.00%,41840,50.40%,56996,49.90%,0.5pp
Cackling Slasher,B,C,427050,8.05,40623,12.06,19349,8.00%,47.70%,3042,44.80%,4743,47.50%,7785,46.40%,11552,48.60%,-2.1pp
Come Back Wrong,B,R,24349,2.26,8876,2.44,45827,87.20%,53.10%,7763,53.10%,11550,58.40%,19313,56.30%,26337,50.80%,5.5pp
Commune with Evil,B,U,143168,5.5,22355,7.49,72097,53.90%,53.40%,12513,54.40%,18150,58.00%,30663,56.50%,41219,51.20%,5.3pp
Cracked Skull,B,C,421196,7.7,48135,11.19,51149,17.90%,51.40%,8377,49.90%,13222,53.50%,21599,52.10%,29457,50.80%,1.3pp
Cynical Loner,B,U,133315,4.94,20695,6.85,82338,66.80%,53.20%,14734,55.90%,19908,54.20%,34642,54.90%,47595,51.90%,3.0pp
Dashing Bloodsucker,B,U,140830,5.36,18295,7.66,54674,51.20%,50.50%,8864,51.30%,14339,53.10%,23203,52.40%,31486,49.10%,3.3pp
Defiled Crypt // Cadaver Lab,B,U,109874,4.06,21500,5.3,88292,70.40%,51.90%,14209,49.90%,22601,55.90%,36810,53.60%,51010,50.50%,3.1pp
Demonic Counsel,B,R,62612,5.45,7400,8.42,4292,9.80%,50.30%,687,47.50%,1043,54.20%,1730,51.50%,2532,49.40%,2.1pp
Derelict Attic // Widow's Walk,B,C,397466,6.58,43987,9.87,93218,35.90%,51.70%,16128,51.20%,23641,54.80%,39769,53.30%,53141,50.50%,2.8pp
Doomsday Excruciator,B,R,57273,4.91,7012,7.47,8094,19.60%,46.80%,1168,40.70%,2002,45.60%,3170,43.80%,4890,48.90%,-5.1pp
Enduring Tenacity,B,R,33063,3.07,6345,3.77,24196,66.00%,49.90%,3942,47.40%,6211,54.00%,10153,51.50%,13998,48.70%,2.8pp
Fanatic of the Harrowing,B,C,412026,7.1,50458,10.19,111509,37.10%,52.80%,18427,53.40%,28194,55.90%,46621,54.90%,64533,51.30%,3.7pp
Fear of Lost Teeth,B,C,388209,6.24,50341,8.98,170269,56.80%,53.10%,29961,54.00%,41429,54.40%,71390,54.30%,98678,52.20%,2.1pp
Fear of the Dark,B,C,408978,7.06,40566,10.73,65895,27.60%,49.80%,10156,48.40%,16988,52.30%,27144,50.80%,38856,49.00%,1.8pp
Final Vengeance,B,C,356370,5.5,59283,7.4,243433,68.30%,54.20%,39753,53.60%,62610,58.70%,102363,56.70%,140463,52.30%,4.4pp
Funeral Room // Awakening Hall,B,M,10659,2.1,4208,2.19,19680,78.20%,52.70%,3310,49.90%,5155,59.00%,8465,55.40%,11087,50.40%,5.0pp
Give In to Violence,B,C,427555,8.01,43505,11.83,27468,10.60%,49.60%,4315,48.50%,6619,51.70%,10934,50.40%,16481,48.90%,1.5pp
Grievous Wound,B,R,56938,5.26,6167,8.34,4040,11.10%,44.40%,632,42.40%,997,44.30%,1629,43.60%,2399,44.90%,-1.4pp
Innocuous Rat,B,C,367989,5.65,54450,7.92,233138,71.40%,54.10%,41405,54.90%,56565,56.10%,97970,55.60%,134785,53.00%,2.6pp
Killer's Mask,B,U,153938,6.08,17517,9.06,33619,32.50%,51.10%,5671,50.30%,8159,52.10%,13830,51.30%,19742,51.00%,0.3pp
Let's Play a Game,B,U,144734,5.49,20272,7.83,52264,43.50%,53.00%,8332,51.80%,13148,58.10%,21480,55.70%,30503,50.90%,4.8pp
Leyline of the Void,B,R,69012,6.04,7755,9.46,545,1.20%,41.10%,0,,129,,129,,414,,
Live or Die,B,U,95265,3.51,20683,4.41,99479,81.50%,52.60%,15748,51.30%,25838,57.60%,41586,55.20%,57325,50.50%,4.7pp
Meathook Massacre II,B,M,16478,3.06,3379,3.65,10495,53.90%,49.40%,1640,44.60%,2779,52.60%,4419,49.60%,6020,49.50%,0.1pp
Miasma Demon,B,U,128275,4.87,17888,6.73,61369,58.30%,52.10%,9445,51.10%,15648,54.80%,25093,53.40%,36078,51.10%,2.3pp
Murder,B,C,283896,4.19,45319,5.79,217252,80.90%,52.90%,36020,52.10%,55582,57.20%,91602,55.20%,124853,51.20%,4.0pp
Nowhere to Run,B,U,74756,2.74,23046,3.28,123047,88.70%,54.20%,21808,56.10%,31546,58.80%,53354,57.70%,69214,51.40%,6.3pp
Osseous Sticktwister,B,U,81533,2.94,22993,3.59,122812,88.60%,54.50%,21952,55.30%,30813,57.50%,52765,56.60%,69728,52.80%,3.8pp
Overlord of the Balemurk,B,M,7651,1.49,5094,1.49,27617,88.30%,56.00%,4923,63.10%,7017,61.40%,11940,62.10%,15641,51.40%,10.6pp
Popular Egotist,B,U,135858,5.09,21809,6.87,80161,61.70%,53.50%,13491,52.10%,19814,56.30%,33305,54.60%,46845,52.70%,1.9pp
Resurrected Cultist,B,C,414912,7.2,47732,10.53,95139,33.50%,52.20%,16171,49.60%,23007,53.30%,39178,51.80%,55961,52.40%,-0.6pp
Spectral Snatcher,B,C,392664,6.31,46955,9.33,150750,54.20%,51.90%,25968,50.00%,37588,54.10%,63556,52.40%,87044,51.50%,0.9pp
Sporogenic Infection,B,U,106845,3.88,20375,5.12,96320,79.10%,53.50%,16392,53.90%,24422,57.00%,40814,55.80%,55194,51.70%,4.0pp
Unholy Annex // Ritual Chamber,B,R,17341,1.69,10995,1.66,61228,89.20%,56.70%,10772,64.60%,16102,64.90%,26874,64.80%,33938,50.30%,14.5pp
Unstoppable Slasher,B,R,15623,1.5,10249,1.49,57411,91.10%,55.80%,10206,63.50%,14752,60.10%,24958,61.50%,32413,51.50%,10.0pp
"Valgavoth, Terror Eater",B,M,9838,1.94,3985,1.89,17500,73.60%,53.00%,2626,52.60%,4525,56.20%,7151,54.90%,10224,51.80%,3.1pp
Valgavoth's Faithful,B,U,116615,4.3,18385,5.82,75865,69.70%,52.50%,13066,51.00%,18955,56.00%,32021,54.00%,43454,51.30%,2.7pp
Vile Mutilator,B,U,106305,3.96,19525,5.16,87335,75.20%,52.80%,13078,52.20%,22330,56.60%,35408,55.00%,51664,51.30%,3.7pp
Winter's Intervention,B,C,367155,5.69,49499,8.17,179928,60.90%,53.20%,31511,53.80%,44984,55.70%,76495,54.90%,102934,51.90%,3.0pp
Withering Torment,B,U,87735,3.07,20749,3.88,106776,87.50%,52.60%,18315,51.10%,27162,56.10%,45477,54.00%,60944,51.50%,2.5pp
Bedhead Beastie,R,C,418792,7.22,51629,10.58,89589,28.90%,51.70%,15051,48.90%,21267,52.40%,36318,50.90%,53380,52.30%,-1.4pp
Betrayer's Bargain,R,U,92381,3.38,30808,3.95,171271,90.10%,55.90%,28343,55.80%,40069,59.40%,68412,57.90%,102780,54.50%,3.4pp
Boilerbilges Ripper,R,C,427280,7.79,54932,11.1,64412,19.40%,52.90%,9859,51.00%,15573,54.30%,25432,53.00%,39002,52.90%,0.1pp
Chainsaw,R,R,19066,1.81,11383,1.84,64897,92.20%,56.20%,11519,60.70%,15223,59.70%,26742,60.10%,38125,53.40%,6.7pp
Charred Foyer // Warped Space,R,M,15075,2.92,4224,3.27,17155,69.60%,50.60%,2861,48.20%,4287,51.00%,7148,49.90%,9989,50.90%,-1.0pp
Clockwork Percussionist,R,C,355109,5.28,76702,6.79,381864,80.70%,56.30%,68601,58.70%,84041,55.70%,152642,57.00%,229016,55.80%,1.2pp
Cursed Recording,R,R,63981,5.55,10357,7.72,12232,19.90%,51.50%,2052,50.20%,3170,50.40%,5222,50.30%,7007,52.30%,-2.0pp
Diversion Specialist,R,U,138657,5.16,23895,7.06,90070,62.60%,53.70%,14361,51.50%,21201,54.50%,35562,53.30%,54622,53.90%,-0.6pp
Enduring Courage,R,R,19243,1.89,10116,1.92,55727,90.70%,54.70%,9237,55.20%,12986,56.80%,22223,56.10%,33707,53.80%,2.4pp
Fear of Being Hunted,R,U,102705,3.73,27754,4.59,148421,87.10%,55.80%,25406,57.00%,32850,56.60%,58256,56.80%,90279,55.10%,1.7pp
Fear of Burning Alive,R,U,89416,3.36,28328,3.93,149144,85.90%,55.50%,22827,54.10%,34917,59.70%,57744,57.50%,91278,54.30%,3.2pp
Fear of Missing Out,R,R,20357,1.91,11471,1.97,65187,91.70%,56.50%,12004,59.80%,14782,59.80%,26786,59.80%,38452,54.20%,5.6pp
Glassworks // Shattered Yard,R,C,248434,3.66,67409,4.63,370839,89.90%,55.10%,64022,55.40%,87274,58.30%,151296,57.10%,218530,53.70%,3.4pp
Grab the Prize,R,C,423883,7.64,54399,10.97,75403,22.90%,53.40%,12964,51.60%,16908,54.20%,29872,53.10%,45496,53.50%,-0.4pp
Hand That Feeds,R,C,377834,5.94,64500,8.24,274792,69.80%,54.80%,48903,54.10%,60644,54.90%,109547,54.60%,165126,55.00%,-0.4pp
Impossible Inferno,R,C,410250,6.87,61498,9.77,149064,40.10%,53.60%,22805,50.90%,34784,55.70%,57589,53.80%,91405,53.50%,0.4pp
Infernal Phantom,R,U,131717,4.89,20389,6.74,70659,58.50%,52.10%,11331,50.00%,16713,52.20%,28044,51.30%,42641,52.60%,-1.2pp
Irreverent Gremlin,R,U,96520,3.51,30401,4.19,170640,90.40%,56.60%,30849,58.90%,37380,56.30%,68229,57.40%,102373,56.00%,1.4pp
Leyline of Resonance,R,R,64600,5.82,7612,9.11,738,1.60%,43.90%,1,,165,,166,,572,46.00%,
Most Valuable Slayer,R,C,347153,5.3,67868,7.15,326021,78.80%,54.80%,53697,53.50%,72951,55.30%,126648,54.50%,199465,55.00%,-0.5pp
"Norin, Swift Survivalist",R,U,146147,5.33,24207,7.31,89442,60.70%,55.30%,15947,56.40%,18981,52.40%,34928,54.20%,54479,56.00%,-1.8pp
Overlord of the Boilerbilges,R,M,6950,1.37,5502,1.35,32571,92.90%,58.30%,5626,62.80%,7786,65.30%,13412,64.30%,19198,54.20%,10.1pp
Painter's Studio // Defaced Gallery,R,U,105642,3.9,29635,4.68,151664,83.30%,55.90%,26154,55.70%,34319,58.40%,60473,57.20%,90969,55.00%,2.2pp
Piggy Bank,R,U,91333,3.29,29189,3.96,165609,91.90%,56.00%,30017,59.70%,37014,56.00%,67031,57.60%,98688,54.90%,2.7pp
Pyroclasm,R,U,145887,5.71,19554,8.16,39475,34.10%,50.80%,6913,50.40%,9793,53.90%,16706,52.50%,22738,49.60%,2.8pp
Ragged Playmate,R,C,392901,6.42,64879,8.87,251187,63.30%,55.50%,44309,54.60%,53560,54.20%,97869,54.40%,153209,56.20%,-1.8pp
Rampaging Soulrager,R,C,428044,8.08,52766,11.44,63683,20.30%,49.10%,10702,46.70%,16272,51.00%,26974,49.30%,36752,49.00%,0.3pp
Razorkin Hordecaller,R,U,88898,3.29,30270,3.82,168747,90.00%,56.50%,27341,57.40%,38864,59.60%,66205,58.70%,102822,55.10%,3.6pp
Razorkin Needlehead,R,R,28339,2.58,9040,2.91,47635,87.20%,54.80%,8472,56.80%,10683,55.60%,19155,56.20%,28525,54.00%,2.2pp
Ripchain Razorkin,R,C,425724,7.73,53120,11.13,63196,19.70%,53.00%,10110,50.40%,14979,54.50%,25089,52.80%,38206,53.10%,-0.2pp
The Rollercrusher Ride,R,M,8053,1.59,6141,1.57,35438,93.60%,55.60%,5866,55.80%,8818,63.00%,14684,60.10%,20703,52.40%,7.7pp
Scorching Dragonfire,R,C,219788,3.3,73494,3.96,414048,91.70%,55.60%,72545,57.10%,95059,57.50%,167604,57.30%,246284,54.50%,2.9pp
Screaming Nemesis,R,M,8295,1.63,5563,1.62,32089,92.00%,57.10%,5744,62.00%,7519,61.60%,13263,61.80%,18915,53.90%,7.9pp
Ticket Booth // Tunnel of Hate,R,C,378923,5.96,62584,8.33,227669,60.00%,54.20%,38447,53.80%,52977,56.10%,91424,55.10%,136077,53.60%,1.5pp
Trial of Agony,R,U,135745,5.07,23145,6.92,86048,61.60%,54.20%,13794,51.80%,19060,55.30%,32854,53.80%,53198,54.40%,-0.6pp
Turn Inside Out,R,C,370585,5.83,68786,7.87,299086,70.80%,56.30%,47944,56.40%,65656,57.30%,113600,56.90%,185414,55.90%,1.1pp
Untimely Malfunction,R,U,159604,6.41,20023,9.49,31404,26.00%,52.80%,4911,51.30%,7046,54.00%,11957,52.90%,19446,52.80%,0.1pp
Vengeful Possession,R,U,141444,5.4,24743,7.23,84277,56.10%,55.30%,13250,54.00%,20165,59.20%,33415,57.10%,50779,54.10%,3.1pp
Vicious Clown,R,C,401889,6.89,57133,9.71,168392,48.40%,55.00%,28381,54.00%,36032,53.20%,64413,53.50%,103915,55.90%,-2.4pp
Violent Urge,R,U,148532,5.66,22601,7.93,69305,50.80%,53.60%,10734,51.90%,15190,53.50%,25924,52.90%,43369,54.00%,-1.1pp
Waltz of Rage,R,R,31372,2.97,11027,3.15,49129,74.30%,54.00%,7840,55.10%,11535,57.30%,19375,56.40%,29724,52.40%,4.1pp
"Altanak, the Thrice-Called",G,U,89092,3.35,20889,4.15,100181,79.80%,54.00%,15403,51.50%,24260,55.70%,39663,54.00%,60528,53.90%,0.1pp
Anthropede,G,C,419679,7.41,45486,10.97,54850,20.20%,51.50%,8766,48.00%,13109,51.80%,21875,50.30%,32974,52.30%,-2.0pp
Balustrade Wurm,G,R,16857,1.62,10504,1.62,59268,91.20%,56.20%,9915,56.50%,14867,60.20%,24782,58.70%,34572,54.40%,4.3pp
Bashful Beastie,G,C,373575,5.64,58434,8.02,258054,73.00%,54.30%,41041,53.40%,64367,55.90%,105408,54.90%,152859,53.70%,1.2pp
Break Down the Door,G,U,107649,3.8,25349,4.88,132854,86.90%,54.60%,22448,53.50%,32268,57.40%,54716,55.80%,78180,53.70%,2.2pp
Cathartic Parting,G,U,146350,5.47,24919,7.48,86569,58.30%,53.20%,14132,51.30%,21306,55.80%,35438,54.00%,51197,52.70%,1.3pp
Cautious Survivor,G,C,410329,7,46997,10.39,86865,30.90%,52.70%,14147,51.20%,20260,53.30%,34407,52.40%,52389,52.80%,-0.4pp
Coordinated Clobbering,G,U,105159,3.77,21597,4.92,103959,80.00%,53.90%,16706,54.70%,25160,56.00%,41866,55.50%,62199,52.80%,2.6pp
Cryptid Inspector,G,C,373478,5.88,50421,8.49,179012,59.40%,53.00%,30617,51.30%,44124,53.10%,74741,52.40%,104363,53.50%,-1.1pp
Defiant Survivor,G,U,84713,3.09,22081,3.82,119173,89.40%,54.30%,20844,55.90%,28190,54.50%,49034,55.10%,70106,53.60%,1.5pp
Enduring Vitality,G,R,20286,1.93,9455,2.01,50224,89.30%,54.00%,8644,56.60%,12061,56.20%,20705,56.30%,29535,52.30%,4.1pp
Fear of Exposure,G,U,107381,3.85,19742,5.12,97713,82.90%,53.50%,15753,51.50%,23512,53.60%,39265,52.70%,58532,53.90%,-1.1pp
Flesh Burrower,G,C,352798,5.19,53655,7.45,252696,78.50%,53.70%,44829,53.80%,58189,54.50%,103018,54.20%,149427,53.40%,0.8pp
Frantic Strength,G,C,423718,7.65,49338,11.13,67053,22.60%,52.80%,10648,51.80%,15209,55.10%,25857,53.70%,41193,52.20%,1.6pp
Grasping Longneck,G,C,401137,6.44,52048,9.44,161775,51.80%,53.50%,27510,52.30%,37954,54.20%,65464,53.40%,96308,53.60%,-0.2pp
Greenhouse // Rickety Gazebo,G,U,153032,6.13,17900,9.1,26605,25.20%,48.50%,4483,46.40%,6575,51.90%,11058,49.60%,15430,47.70%,1.9pp
Hauntwoods Shrieker,G,M,7967,1.52,5025,1.53,27506,89.30%,55.20%,4808,58.00%,6701,57.20%,11509,57.50%,16050,53.50%,4.0pp
Hedge Shredder,G,R,23805,2.29,8803,2.41,44322,85.20%,52.60%,7317,52.80%,10740,53.10%,18057,53.00%,26258,52.30%,0.7pp
Horrid Vigor,G,C,415065,7.22,47555,10.64,81627,28.60%,52.50%,12782,51.80%,18539,54.50%,31321,53.40%,50279,51.90%,1.4pp
House Cartographer,G,U,106537,3.8,20733,5.05,102581,82.30%,53.80%,18301,56.10%,23271,53.00%,41572,54.40%,60876,53.30%,1.0pp
Insidious Fungus,G,U,110907,3.73,25222,4.8,132724,86.80%,55.00%,23219,56.20%,31351,56.70%,54570,56.50%,77924,54.00%,2.5pp
"Kona, Rescue Beastie",G,R,26901,2.55,6318,2.84,28655,78.80%,50.70%,4838,49.00%,6786,51.30%,11624,50.40%,17025,50.80%,-0.5pp
Leyline of Mutation,G,R,74592,6.59,9399,9.96,53,0.10%,,0,,14,,14,,39,,
Manifest Dread,G,C,337398,4.94,67968,6.65,345342,83.40%,55.10%,60599,55.80%,82702,56.50%,143301,56.20%,201970,54.30%,2.0pp
Moldering Gym // Weight Room,G,C,343487,5.1,52622,7.3,219483,69.80%,53.10%,38219,53.60%,54489,54.90%,92708,54.40%,126484,52.20%,2.1pp
Monstrous Emergence,G,C,282939,4.07,60520,5.41,320371,87.20%,54.80%,53967,54.30%,77733,57.60%,131700,56.20%,188657,53.80%,2.5pp
Omnivorous Flytrap,G,R,17213,1.67,10603,1.69,59135,91.90%,55.30%,10211,54.70%,14755,59.60%,24966,57.60%,34106,53.50%,4.1pp
Overgrown Zealot,G,U,96658,3.49,22326,4.43,113379,84.90%,53.60%,20228,56.70%,26314,53.30%,46542,54.80%,66657,52.70%,2.1pp
Overlord of the Hauntwoods,G,M,7718,1.49,4796,1.49,25194,87.50%,53.80%,4290,56.70%,6302,56.50%,10592,56.60%,14633,51.70%,4.9pp
Patchwork Beastie,G,U,101616,3.74,28654,4.47,148921,84.70%,56.00%,26460,60.20%,34298,56.00%,60758,57.80%,88105,54.80%,3.0pp
Rootwise Survivor,G,U,129870,4.84,19310,6.86,69309,59.60%,53.50%,10951,53.10%,16512,55.20%,27463,54.40%,41769,52.90%,1.5pp
Say Its Name,G,C,346396,5.32,67349,7.1,263570,64.60%,54.60%,46200,53.90%,62116,56.60%,108316,55.50%,155077,54.00%,1.5pp
Slavering Branchsnapper,G,C,376525,5.72,51706,8.41,217164,69.70%,54.10%,37289,51.70%,52576,55.50%,89865,53.90%,127523,54.20%,-0.3pp
Spineseeker Centipede,G,C,283475,4.1,68310,5.26,366021,87.90%,55.20%,65234,56.00%,87664,58.00%,152898,57.10%,212563,53.70%,3.4pp
Threats Around Every Corner,G,U,84349,3.18,27616,3.68,143471,85.40%,55.10%,24697,58.70%,35501,58.10%,60198,58.40%,83174,52.70%,5.7pp
Twitching Doll,G,R,17755,1.71,10469,1.72,56834,89.90%,54.70%,10338,60.30%,13623,56.10%,23961,57.90%,32871,52.30%,5.6pp
"Tyvar, the Pummeler",G,M,7710,1.49,5327,1.47,30610,91.00%,57.30%,5351,62.20%,7513,63.60%,12864,63.00%,17814,53.20%,9.8pp
Under the Skin,G,U,78632,2.78,31187,3.17,176209,91.60%,56.20%,30279,57.70%,43771,61.60%,74050,60.00%,102104,53.40%,6.6pp
Valgavoth's Onslaught,G,R,14436,1.42,12129,1.4,73097,95.20%,57.90%,12666,63.50%,18601,67.60%,31267,65.90%,41686,51.80%,14.1pp
Walk-In Closet // Forgotten Cellar,G,M,25400,4.58,3363,6.7,4468,22.60%,49.10%,698,47.10%,1183,52.40%,1881,50.50%,2574,48.20%,2.3pp
Wary Watchdog,G,C,341776,4.97,63074,6.84,321501,83.80%,54.80%,57310,55.80%,73634,55.40%,130944,55.60%,190132,54.20%,1.4pp
Wickerfolk Thresher,G,U,80152,2.9,24155,3.52,133886,92.20%,54.30%,22466,53.40%,32737,55.60%,55203,54.70%,78920,53.90%,0.8pp
"Arabella, Abandoned Doll",WR,U,95414,3.86,26196,4.34,124370,76.30%,57.40%,21754,60.60%,26906,58.40%,48660,59.40%,75712,56.10%,3.3pp
Baseball Bat,WG,U,140341,5.72,18389,8.03,43304,39.90%,51.00%,7110,48.90%,9256,52.40%,16366,50.90%,26938,51.00%,-0.1pp
Beastie Beatdown,RG,U,118052,4.51,28520,5.48,125323,72.00%,55.30%,20617,55.30%,28212,59.50%,48829,57.70%,76426,53.70%,4.1pp
Broodspinner,BG,U,95918,3.64,27920,4.25,133578,78.20%,55.60%,23171,58.70%,33674,60.00%,56845,59.50%,76424,52.80%,6.7pp
Disturbing Mirth,BR,U,128661,5.16,28824,6.09,108835,61.70%,56.00%,18483,58.00%,26850,61.40%,45333,60.00%,63289,53.20%,6.9pp
Drag to the Roots,BG,U,109312,4.04,23834,5.17,110233,76.40%,54.50%,18012,53.50%,28063,59.20%,46075,57.00%,63752,52.60%,4.4pp
Fear of Infinity,UB,U,124888,4.81,21159,6.5,73618,59.20%,52.00%,12503,52.80%,19557,54.90%,32060,54.10%,41673,50.50%,3.6pp
Gremlin Tamer,WU,U,81578,3.29,26914,3.58,134231,81.10%,56.60%,23578,61.80%,34863,58.60%,58441,59.90%,75876,54.00%,5.9pp
Growing Dread,UG,U,108802,4.24,27056,5.08,123545,75.20%,55.30%,21627,57.70%,32386,58.20%,54013,58.00%,69485,53.30%,4.7pp
Inquisitive Glimmer,WU,U,97725,3.79,23786,4.49,112937,77.90%,55.90%,19621,58.50%,28913,56.70%,48534,57.50%,64503,54.70%,2.8pp
Intruding Soulrager,UR,U,161859,6.8,23977,9.29,48693,34.30%,51.30%,8368,51.60%,12943,54.00%,21311,53.00%,27413,50.00%,3.0pp
The Jolly Balloon Man,WR,R,30095,2.87,9971,3.13,45898,76.40%,53.90%,7798,52.80%,10194,55.30%,17992,54.20%,27832,53.70%,0.5pp
"Kaito, Bane of Nightmares",UB,M,9820,1.96,4514,1.97,20219,75.10%,53.50%,3417,56.70%,5401,59.20%,8818,58.20%,11354,49.90%,8.3pp
Marina Vendrell,WUBRG,R,66031,5.66,9478,8.18,7150,12.70%,45.10%,1128,45.70%,1934,52.10%,3062,49.70%,4091,41.70%,8.0pp
Midnight Mayhem,WR,U,106548,4.17,28860,4.79,131908,73.50%,57.80%,21834,59.60%,28308,62.50%,50142,61.20%,81738,55.80%,5.5pp
"Nashi, Searcher in the Dark",UB,R,42006,3.84,8438,4.78,24959,50.80%,50.70%,4301,54.90%,6744,52.40%,11045,53.40%,13897,48.60%,4.8pp
"Niko, Light of Hope",WU,M,9287,1.84,5505,1.81,28295,85.20%,55.30%,4701,59.20%,7444,60.10%,12145,59.70%,16181,51.90%,7.8pp
Oblivious Bookworm,UG,U,97095,3.72,32246,4.09,154195,77.70%,56.50%,26710,62.60%,41011,58.80%,67721,60.30%,86610,53.50%,6.8pp
Peer Past the Veil,RG,R,57423,4.85,9948,6.71,29832,49.80%,53.10%,4813,50.10%,6808,55.20%,11621,53.10%,18187,53.20%,-0.1pp
Restricted Office // Lecture Hall,WU,R,37734,3.42,8702,4.09,36731,70.60%,54.10%,6060,52.30%,9097,57.10%,15157,55.20%,21478,53.30%,1.8pp
"Rip, Spawn Hunter",WG,R,36195,3.42,7198,4.12,26021,61.30%,52.00%,4392,52.60%,6043,54.60%,10435,53.80%,15587,50.60%,3.1pp
Rite of the Moth,WB,U,126822,5.04,19925,6.67,64774,55.20%,52.00%,10484,51.10%,16415,56.80%,26899,54.50%,37530,50.00%,4.6pp
Roaring Furnace // Steaming Sauna,UR,R,30798,3.03,12255,3.08,58723,79.50%,54.40%,10275,60.90%,15261,60.20%,25536,60.50%,32583,49.60%,10.8pp
Sawblade Skinripper,BR,U,125786,4.92,24420,6.22,93687,63.40%,54.50%,16076,53.80%,23312,57.30%,39388,55.90%,54303,53.60%,2.3pp
Shrewd Storyteller,WG,U,133988,5.4,16488,7.71,45911,47.10%,51.50%,7772,52.00%,9942,50.10%,17714,50.90%,27966,51.60%,-0.7pp
Shroudstomper,WB,U,126117,4.98,20668,6.57,66856,54.50%,52.30%,10170,51.80%,17058,57.10%,27228,55.10%,39523,50.30%,4.8pp
Skullsnap Nuisance,UB,U,148943,5.99,20204,8.44,48888,41.30%,50.70%,8440,52.00%,13247,52.50%,21687,52.30%,27149,49.40%,2.9pp
Smoky Lounge // Misty Salon,UR,U,136932,5.53,27096,6.96,78171,49.40%,50.20%,13317,50.10%,21600,55.30%,34917,53.30%,42491,47.60%,5.7pp
The Swarmweaver,BG,R,19224,1.89,11794,1.87,65434,88.80%,57.20%,11371,63.40%,16927,65.30%,28298,64.50%,36870,51.50%,13.1pp
Undead Sprinter,BR,R,36444,3.47,10284,3.86,41565,66.80%,54.80%,7373,58.90%,10007,56.20%,17380,57.30%,24249,53.10%,4.2pp
"Victor, Valgavoth's Seneschal",WB,R,36900,3.46,7592,4.17,25104,57.20%,49.70%,4219,49.40%,6507,51.80%,10726,50.90%,14359,48.70%,2.2pp
Wildfire Wickerfolk,RG,U,111630,4.35,27439,5.13,123527,73.10%,56.40%,21650,59.20%,27389,58.60%,49039,58.90%,74512,54.70%,4.2pp
"Winter, Misanthropic Guide",BRG,R,60583,5.28,7754,7.9,8900,19.30%,48.40%,1468,47.40%,2223,49.60%,3691,48.70%,5203,48.20%,0.5pp
"Zimone, All-Questioning",UG,R,23349,2.32,12167,2.29,63569,84.80%,56.10%,11033,65.50%,16361,59.20%,27394,61.70%,36180,51.90%,9.8pp
Attack-in-the-Box,,U,174851,7.14,20239,10.56,24035,19.80%,51.80%,4086,49.00%,5380,51.40%,9466,50.30%,14559,52.70%,-2.3pp
Bear Trap,,C,435002,8.12,49964,11.7,33415,11.10%,51.60%,5658,50.80%,8079,52.00%,13737,51.50%,19662,51.60%,-0.1pp
Conductive Machete,,U,122492,4.15,28354,5.54,140563,82.20%,54.70%,23144,53.40%,34359,56.40%,57503,55.20%,82988,54.30%,0.9pp
Dissection Tools,,R,14470,1.41,12123,1.4,74463,98.80%,56.80%,12559,60.60%,18500,63.60%,31059,62.40%,43327,52.80%,9.6pp
Found Footage,,C,437287,8.33,56319,11.7,45432,13.40%,53.80%,8246,52.30%,10791,55.70%,19037,54.20%,26355,53.50%,0.7pp
Friendly Teddy,,C,433069,7.8,56627,11.07,77007,22.60%,52.30%,13740,51.10%,17495,51.70%,31235,51.40%,45709,52.90%,-1.4pp
Ghost Vacuum,,R,24919,2.3,9760,2.45,50970,87.20%,54.10%,8751,56.10%,12628,56.00%,21379,56.10%,29620,52.70%,3.3pp
Glimmerlight,,C,364415,5.39,78900,7.19,378222,77.90%,56.20%,68250,56.20%,89125,57.00%,157375,56.60%,220719,55.90%,0.7pp
Haunted Screen,,U,156186,5.87,18697,8.8,40022,36.20%,50.90%,7153,50.40%,10151,53.40%,17304,52.20%,22750,49.90%,2.3pp
Keys to the House,,U,166413,6.25,22555,9.13,51813,38.60%,51.60%,9614,50.20%,12664,51.90%,22278,51.20%,29524,52.00%,-0.8pp
Malevolent Chandelier,,C,436908,8.32,58831,11.59,63025,17.80%,52.10%,9505,47.10%,16699,53.20%,26204,51.00%,36941,52.90%,-1.8pp
"Marvin, Murderous Mimic",,R,57131,4.73,6764,7.35,12009,29.80%,51.10%,2126,48.50%,2605,51.50%,4731,50.20%,7266,51.70%,-1.5pp
Saw,,U,173540,7.11,21847,10.32,25792,19.60%,53.00%,4166,50.90%,5964,53.40%,10130,52.40%,15662,53.40%,-1.0pp
Abandoned Campground,,C,204699,6.2,34018,8.7,132755,64.70%,54.70%,24769,55.90%,32453,53.60%,57222,54.60%,75482,54.80%,-0.1pp
Blazemire Verge,,R,53582,4.25,8550,6.17,25611,49.90%,53.30%,4629,53.70%,6120,55.10%,10749,54.50%,14824,52.50%,2.0pp
Bleeding Woods,,C,209952,6.56,36154,9.11,128859,59.00%,54.00%,23742,54.40%,28675,52.60%,52417,53.40%,76385,54.50%,-1.1pp
Etched Cornfield,,C,213165,6.8,31298,9.67,83662,44.60%,52.10%,15353,54.10%,19302,51.20%,34655,52.50%,48955,51.90%,0.6pp
Floodfarm Verge,,R,50486,3.99,8580,5.71,32297,62.50%,54.70%,5883,55.70%,7922,55.00%,13805,55.30%,18472,54.20%,1.1pp
Gloomlake Verge,,R,52824,4.21,8484,6.09,24441,48.50%,51.80%,4509,53.30%,6411,54.10%,10920,53.80%,13478,50.30%,3.5pp
Hushwood Verge,,R,54610,4.29,7956,6.36,21457,45.00%,52.40%,3862,53.40%,4894,53.10%,8756,53.30%,12685,51.80%,1.5pp
Lakeside Shack,,C,207596,6.47,37032,8.89,140484,62.70%,54.60%,26043,55.90%,35203,54.60%,61246,55.10%,79164,54.20%,1.0pp
Murky Sewer,,C,209929,6.68,33881,9.3,100278,49.70%,52.60%,18265,53.80%,25656,53.90%,43921,53.80%,56239,51.70%,2.2pp
Neglected Manor,,C,208587,6.54,30493,9.34,86269,47.50%,51.60%,15642,52.80%,21334,53.10%,36976,53.00%,49092,50.60%,2.4pp
Peculiar Lighthouse,,C,214951,7.09,37608,9.71,104476,46.10%,52.60%,18624,53.80%,26403,53.10%,45027,53.40%,59410,52.00%,1.4pp
Raucous Carnival,,C,210349,6.61,35021,9.26,122701,57.80%,54.80%,22397,55.50%,26839,52.50%,49236,53.80%,73442,55.40%,-1.5pp
Razortrap Gorge,,C,211504,6.78,34935,9.45,109009,52.00%,53.30%,19900,54.10%,25930,52.60%,45830,53.20%,63091,53.40%,-0.2pp
Strangled Cemetery,,C,205245,6.27,34277,8.74,130819,63.50%,53.90%,24049,54.40%,30781,53.30%,54830,53.80%,75838,54.00%,-0.2pp
Terramorphic Expanse,,C,328527,4.42,73453,6.15,423611,95.40%,54.70%,78346,56.40%,100054,54.00%,178400,55.10%,245013,54.50%,0.6pp
Thornspire Verge,,R,53798,4.23,9177,6.09,31611,57.10%,54.00%,5742,55.70%,7034,52.60%,12776,54.00%,18816,54.10%,-0.1pp
Valgavoth's Lair,,R,39457,3.14,9210,4.11,51599,94.60%,53.50%,9493,54.20%,12436,52.60%,21929,53.30%,29632,53.70%,-0.5pp
Hallowed Haunting,W,M,2046,2.33,646,2.41,2657,71.20%,51.30%,479,,669,53.50%,1148,52.40%,1513,50.60%,1.7pp
Soul Warden,W,M,3553,3.54,451,,1304,50.60%,52.30%,231,,296,,527,53.30%,772,51.70%,1.6pp
Expropriate,U,M,4860,4.78,672,6.93,975,24.40%,52.80%,151,,248,,399,,575,51.00%,
Phantasmal Image,U,M,2282,2.4,878,2.67,4447,87.00%,53.90%,742,53.20%,1208,59.20%,1950,56.90%,2490,51.50%,5.4pp
Damnation,B,M,1732,1.83,828,1.88,4210,84.40%,54.70%,711,55.70%,1057,62.00%,1768,59.40%,2421,51.20%,8.3pp
Sacrifice,B,M,5196,5.12,547,8.1,215,6.70%,,40,,50,,90,,125,,
Maddening Hex,R,M,3712,3.74,701,4.71,2096,50.90%,48.50%,334,,443,,777,47.70%,1320,48.90%,-1.2pp
Unholy Heat,R,M,2437,2.4,941,2.64,5113,89.50%,55.20%,855,56.30%,1175,59.60%,2030,58.20%,3077,53.20%,4.9pp
Collected Company,G,M,2654,2.71,643,3.1,2173,57.20%,52.70%,384,,507,54.80%,891,54.90%,1284,51.30%,3.6pp
Noxious Revival,G,M,4265,4.09,525,5.99,1080,35.60%,48.30%,154,,275,,429,,650,52.80%,
